STATE,ST_CASE,VE_TOTAL,VE_FORMS,PVH_INVL,PEDS,PERNOTMVIT,PERMVIT,PERSONS,COUNTY,CITY,DAY,MONTH,YEAR,DAY_WEEK,HOUR,MINUTE,NHS,RUR_URB,FUNC_SYS,RD_OWNER,ROUTE,TWAY_ID,TWAY_ID2,MILEPT,LATITUDE,LONGITUD,SP_JUR,HARM_EV,MAN_COLL,RELJCT1,RELJCT2,TYP_INT,WRK_ZONE,REL_ROAD,LGT_COND,WEATHER1,WEATHER2,WEATHER,SCH_BUS,RAIL,NOT_HOUR,NOT_MIN,ARR_HOUR,ARR_MIN,HOSP_HR,HOSP_MN,CF1,CF2,CF3,FATALS,DRUNK_DR
51,510418,1,1,0,0,0,2,2,53,0,24,8,2016,4,1,42,0,1,3,1,2,US-460,,3001,37.16005000,-77.694188890000,0,1,0,0,1,1,0,3,2,98,0,98,0,0000000,99,99,99,99,99,99,0,0,0,1,1
51,510419,1,1,0,0,0,1,1,69,0,27,8,2016,7,21,0,0,1,4,1,2,US-50,INDEPENDENCE DR,202,39.14085000,-78.124180560000,0,1,0,0,3,3,0,4,2,98,0,98,0,0000000,21,4,21,9,88,88,0,0,0,1,1
51,510420,3,3,0,0,0,3,3,177,0,31,8,2016,4,2,37,1,2,1,1,1,I-95,,1292,38.27884722,-77.512266670000,0,12,1,0,1,1,0,1,2,98,0,98,0,0000000,2,37,2,45,99,99,0,0,0,1,0
51,510421,2,2,0,0,0,5,5,159,0,28,8,2016,1,2,37,0,1,4,1,3,SR-3,,880,37.98653889,-76.732700000000,0,12,2,0,1,1,0,1,2,98,0,98,0,0000000,2,57,3,12,3,52,0,0,0,1,1
51,510422,3,3,0,0,0,3,3,700,1720,31,8,2016,4,16,5,0,1,3,1,2,US-17,,475,36.98928056,-76.485380560000,1,12,1,0,1,1,0,1,1,98,0,98,0,0000000,99,99,99,99,99,99,0,0,0,1,0
51,510424,1,1,0,0,0,1,1,53,0,30,8,2016,3,20,18,0,1,5,1,4,CR-613,,301,37.12705000,-77.474611110000,0,32,0,0,1,1,0,4,2,98,0,98,0,0000000,99,99,99,99,88,88,0,0,0,1,1
51,510425,3,3,0,0,0,5,5,89,0,3,9,2016,7,23,38,0,1,3,1,2,US-220,RT- 58 BYPASS,66,36.62186944,-79.859988890000,0,12,1,0,3,2,0,1,2,98,0,98,0,0000000,23,38,23,43,88,88,14,0,0,1,1
51,510426,1,1,0,0,0,1,1,121,0,3,9,2016,7,11,30,1,1,1,1,1,I-81,,1147,37.11550000,-80.429661110000,0,35,0,0,1,1,0,3,1,98,0,98,0,0000000,99,99,99,99,88,88,0,0,0,1,1
51,510427,2,2,0,0,0,2,2,191,0,7,9,2016,4,17,30,0,1,6,1,4,CR-633,1130,12,36.61078056,-82.260150000000,0,12,2,0,2,3,0,1,1,98,0,98,0,0000000,17,36,17,46,18,10,0,0,0,1,0
51,510428,1,1,0,1,1,2,2,143,0,27,8,2016,7,18,41,0,1,5,1,4,CR-761,,49,37.02328056,-79.139080560000,0,8,0,0,1,1,0,4,1,98,0,98,0,0000000,99,99,99,99,99,99,0,0,0,1,0
51,510429,1,1,0,0,0,1,1,135,0,4,9,2016,1,13,55,0,1,5,1,4,CR-607,,122,37.17148889,-78.150480560000,0,42,0,0,1,1,0,4,1,98,0,98,0,0000000,99,99,99,99,88,88,0,0,0,1,0
51,510430,1,1,0,0,0,1,1,99,0,5,9,2016,2,22,1,0,1,5,1,4,CR-629,,12,38.23923611,-77.103027780000,0,34,0,0,1,1,0,4,2,98,0,98,0,0000000,99,99,99,99,88,88,0,0,0,1,1
51,510431,1,1,0,0,0,1,1,67,0,10,9,2016,7,17,30,0,1,7,1,4,CR-865,,33,36.90763056,-80.015738890000,0,42,0,0,1,1,0,4,1,98,0,98,0,0000000,18,18,18,26,99,99,0,0,0,1,1
51,510432,1,1,0,0,0,1,1,41,0,25,8,2016,5,14,55,0,1,5,1,4,CR-654,,20,37.33419444,-77.602900000000,0,42,0,0,1,1,0,4,1,98,0,98,0,0000000,15,0,15,11,18,10,0,0,0,1,1
51,510433,1,1,0,2,2,1,1,107,0,31,8,2016,4,8,11,0,2,7,1,4,CR-2401,COTON MANOR DR,18,39.08651667,-77.498100000000,0,8,0,0,2,2,0,1,1,98,0,98,0,0000000,8,12,8,16,8,32,0,0,0,1,0
51,510434,3,3,0,0,0,4,4,41,0,4,9,2016,1,0,45,1,2,1,1,1,I-95,,6016,37.33718056,-77.404022220000,0,12,1,0,1,1,0,1,2,98,0,98,0,0000000,0,49,0,57,1,52,0,0,0,1,1
51,510435,1,1,0,0,0,1,1,59,0,18,8,2016,5,2,9,0,2,4,1,3,SR-289,,18,38.77083889,-77.178700000000,0,23,0,0,1,1,0,4,3,98,0,98,0,0000000,99,99,99,99,88,88,0,0,0,1,1
51,510436,2,1,1,1,1,1,1,700,1720,29,7,2016,6,15,40,1,2,99,1,9,RED OAK CIRCLE,,99999,37.15858056,-76.521788890000,0,53,0,0,1,1,0,4,1,98,0,98,0,0000000,15,40,15,53,16,11,0,0,0,1,0
51,510437,1,1,0,0,0,1,1,117,0,2,6,2016,5,16,36,0,1,98,1,4,CR-600,,106,36.77880000,-78.385969440000,0,1,0,0,1,1,0,1,1,98,0,98,0,0000000,15,57,16,34,17,31,0,0,0,1,0
51,510438,2,2,0,0,0,2,2,77,0,23,7,2016,7,17,30,0,1,4,1,2,US-58,,1440,36.60913889,-81.577138890000,0,12,2,0,1,1,0,1,1,98,0,98,0,0000000,17,16,17,24,18,17,0,0,0,1,1
51,510439,1,1,0,1,1,1,1,99,0,11,9,2016,1,19,50,0,1,4,1,3,SR-205,CEDAR HILL LANE,18,38.26557222,-77.134088890000,0,9,0,0,2,3,0,1,2,98,0,98,0,0000000,99,99,99,99,99,99,0,0,0,1,1
51,510440,1,1,0,0,0,1,1,121,0,14,9,2016,4,3,15,0,1,5,1,4,CR-615,,78,37.10858889,-80.378250000000,0,23,0,0,1,1,0,4,2,98,0,98,0,0000000,3,12,3,21,88,88,0,0,0,1,0
51,510441,1,1,0,1,1,2,2,810,2540,17,9,2016,7,7,17,0,2,4,4,6,LYNNHAVEN PARKWAY,ROSEMONT RD,57,36.79536111,-76.098538890000,0,9,0,0,2,2,0,1,1,98,0,98,0,0000000,99,99,99,99,99,99,0,0,0,1,0
51,510442,1,1,0,0,0,2,2,15,0,17,9,2016,7,23,25,0,1,7,1,4,CR-820,,17,38.15553889,-78.911111110000,0,38,0,0,1,1,0,5,2,98,0,98,0,0000000,99,99,99,99,99,99,0,0,0,1,1
51,510443,2,2,0,0,0,3,3,710,1760,12,8,2016,6,0,48,0,2,4,4,3,SR-165,MAJOR AVE,392,36.91605000,-76.298838890000,0,12,6,0,2,3,0,1,3,98,0,98,0,0000000,0,48,1,1,1,25,0,0,0,1,1
51,510444,2,2,0,0,0,4,4,155,0,18,9,2016,1,12,58,1,1,1,1,1,I-81,,943,37.02491111,-80.729788890000,0,12,7,1,18,1,0,1,1,98,0,98,0,0000000,99,99,99,99,99,99,0,0,0,1,0
51,510445,1,1,0,1,1,1,1,59,0,22,8,2016,2,19,10,0,2,3,1,2,US-29,,2384,38.87246944,-77.258169440000,0,8,0,0,1,1,0,1,1,98,0,98,0,0000000,19,21,19,22,19,30,0,0,0,1,0
51,510446,2,1,1,0,0,1,1,740,1970,9,6,2016,5,18,54,0,2,3,4,2,US-17,,259,36.80928056,-76.317780560000,0,33,0,0,1,1,0,4,1,98,0,98,0,0000000,99,99,99,99,99,99,0,0,0,1,0
51,510447,1,1,0,0,0,1,1,770,2100,28,7,2016,5,19,34,1,2,2,1,2,US-220,,627,37.26010000,-79.941530560000,0,24,0,0,1,1,0,4,1,2,0,2,0,0000000,99,99,99,99,99,99,0,0,0,1,1
51,510448,1,1,0,0,0,1,1,41,0,22,7,2016,6,0,40,0,2,7,1,4,CR-3600,,5,37.42303333,-77.691025000000,0,42,0,0,1,1,0,4,2,98,0,98,0,0000000,0,29,0,48,1,28,0,0,0,1,0
51,510449,1,1,0,0,0,1,1,33,0,16,8,2016,3,6,30,0,1,5,1,2,US-1,,1312,38.07768056,-77.522988890000,0,59,0,0,1,1,0,4,1,98,0,98,0,0000000,99,99,99,99,99,99,0,0,0,1,0
51,510450,2,1,1,1,1,0,0,570,620,8,8,2016,2,20,50,1,2,99,1,9,WALNUT AVE,,99999,37.25621111,-77.404161110000,0,8,0,0,1,1,0,1,6,98,0,98,0,0000000,99,99,99,99,99,99,0,0,0,1,0
51,510451,1,1,0,0,0,1,1,35,0,25,8,2016,5,9,18,1,1,1,1,1,I-77,,0,36.57663889,-80.744019440000,0,24,0,1,5,1,0,10,1,98,0,98,0,0000000,9,19,9,37,88,88,0,0,0,1,0
51,510452,2,2,0,0,0,2,2,25,0,3,9,2016,7,17,20,0,1,3,1,2,US-58,RT-644,3881,36.72443333,-77.924719440000,0,12,6,0,2,2,0,1,1,98,0,98,0,0000000,17,7,17,18,18,11,0,0,0,1,0
51,510453,1,1,0,0,0,1,1,99,0,10,9,2016,7,15,29,0,1,5,1,4,CR-629,,34,38.24951111,-77.067680560000,0,59,0,0,1,1,0,4,1,98,0,98,0,0000000,99,99,99,99,88,88,0,0,0,1,1
51,510454,4,4,0,0,0,4,4,35,0,14,9,2016,4,15,40,1,2,1,1,1,I-77,,226,36.82263056,-80.852219440000,0,12,1,0,1,1,0,1,1,98,0,98,0,0000000,99,99,99,99,88,88,0,0,0,1,0
51,510455,2,2,0,0,0,3,3,19,0,20,9,2016,3,5,57,0,1,4,1,3,SR-24,,101,37.27186111,-79.781438890000,0,12,6,0,1,1,0,1,2,98,0,98,0,0000000,6,0,6,4,88,88,0,0,0,2,0
51,510456,2,2,0,1,1,2,2,109,0,18,9,2016,1,19,33,0,1,5,1,3,SR-22,,100,38.06873611,-78.238788890000,0,8,0,0,1,1,0,1,2,98,0,98,0,0000000,19,46,20,2,20,22,14,0,0,1,0
51,510457,1,1,0,0,0,1,1,59,0,6,8,2016,7,7,30,0,2,4,1,4,CR-681,,2,38.97633056,-77.295261110000,0,42,0,0,1,1,0,4,1,98,0,98,0,0000000,7,31,7,35,8,5,0,0,0,1,0
51,510458,1,1,0,0,0,2,2,69,0,23,9,2016,6,12,58,1,2,1,1,1,I-81,,3153,39.17705000,-78.145788890000,0,1,0,0,1,1,0,3,1,98,0,98,0,0000000,13,1,13,9,13,26,0,0,0,1,0
51,510459,2,2,0,0,0,3,3,67,0,8,9,2016,5,19,46,0,1,6,1,4,CR-619,,49,36.94428056,-79.888411110000,0,12,2,0,1,1,0,1,5,98,0,98,0,0000000,19,44,19,52,21,24,0,0,0,1,0
51,510460,2,2,0,0,0,6,6,800,2390,11,9,2016,1,14,11,1,2,2,4,2,US-58,,4738,36.76585278,-76.542411110000,0,12,6,0,1,1,0,1,1,98,0,98,0,0000000,14,15,14,25,14,52,0,0,0,1,0
51,510461,1,1,0,0,0,1,1,41,0,13,9,2016,3,20,40,0,2,5,1,4,CR-611,,8,37.40551111,-77.487188890000,0,32,0,0,1,1,0,4,2,98,0,98,0,0000000,20,41,20,46,21,15,0,0,0,1,0
51,510462,1,1,0,0,0,4,4,87,0,25,9,2016,1,2,45,0,1,5,1,4,CR-7565,,23,37.43150000,-77.391811110000,0,32,0,0,1,1,0,4,2,98,0,98,0,0000000,2,45,2,52,3,15,0,0,0,1,1
51,510463,1,1,0,1,1,1,1,550,468,13,9,2016,3,20,18,0,2,4,4,2,US-13,,329,36.78500833,-76.412811110000,0,9,0,0,1,1,0,1,3,98,0,98,0,0000000,20,20,20,23,21,14,0,0,0,1,0
51,510464,2,2,0,0,0,2,2,700,1720,7,9,2016,4,21,41,0,2,3,4,3,SR-143,INDUSTRIAL PARK DR,226,37.16524167,-76.540916670000,0,12,6,0,2,98,0,1,3,98,0,98,0,0000000,21,42,21,46,88,88,0,0,0,1,0
51,510465,1,1,0,0,0,4,4,117,0,2,10,2016,1,7,45,0,1,5,1,4,CR-637,,27,36.77595000,-78.119850000000,0,35,0,0,1,1,0,4,1,98,0,98,0,0000000,7,59,7,57,99,99,0,0,0,1,0
51,510466,1,1,0,0,0,2,2,87,0,17,9,2016,7,0,30,1,1,1,1,1,I-295,,0,37.55255000,-77.288730560000,0,59,0,0,1,1,0,4,2,98,0,98,0,0000000,0,52,1,5,1,31,0,0,0,1,0
51,510467,1,1,0,0,0,1,1,600,900,7,7,2016,5,6,18,1,2,3,4,3,SR-236,,24,38.84243056,-77.280180560000,0,33,0,0,1,1,0,4,1,98,0,98,0,0000000,99,99,99,99,99,99,0,0,0,1,1
51,510468,1,1,0,0,0,1,1,163,0,3,10,2016,2,11,40,0,1,4,1,2,US-60,,670,37.73301111,-79.317850000000,0,1,0,0,1,1,4,1,1,98,0,98,0,0000000,99,99,99,99,88,88,0,0,0,1,0
51,510469,1,1,0,0,0,1,1,67,0,1,10,2016,7,12,57,0,1,7,1,4,CR-607,,64,36.88865000,-79.938888890000,0,42,0,0,1,1,0,4,1,98,0,98,0,0000000,99,99,99,99,88,88,0,0,0,1,0
51,510470,1,1,0,0,0,5,5,153,0,23,9,2016,6,6,42,0,2,7,1,4,CR-3939,,4,38.84510000,-77.654969440000,0,73,0,0,1,1,0,1,2,98,0,98,0,0000000,99,99,99,99,88,88,0,0,0,1,0
51,510471,2,2,0,0,0,4,4,760,2060,26,9,2016,2,4,0,1,2,1,1,1,I-95,,703,37.47623056,-77.429669440000,0,12,1,0,1,1,0,1,2,98,0,98,0,0000000,99,99,99,99,99,99,0,0,0,1,0
51,510472,1,1,0,0,0,1,1,163,0,10,9,2016,7,13,25,0,1,5,1,4,CR-608,,10009,37.68060000,-79.441588890000,0,23,0,0,1,1,0,4,1,98,0,98,0,0000000,13,24,13,31,99,99,0,0,0,1,1
51,510473,1,1,0,1,1,1,1,760,2060,26,8,2016,6,21,17,0,2,4,4,6,FOREST HILL AVE,,13,37.53786111,-77.523700000000,0,8,0,0,1,1,0,1,3,98,0,98,0,0000000,21,17,21,20,88,88,0,0,0,1,0
51,510474,1,1,0,0,0,1,1,191,0,26,8,2016,6,17,45,0,1,4,1,2,US-58,,1346,36.65565278,-81.670561110000,0,24,0,0,1,1,0,4,1,98,0,98,0,0000000,18,0,18,19,19,28,0,0,0,1,0
51,510475,2,2,0,0,0,7,7,59,0,29,8,2016,2,2,12,1,2,1,1,1,I-495,,515,38.84456944,-77.220238890000,0,12,1,0,1,1,0,1,3,98,0,98,0,0000000,2,17,2,27,2,47,0,0,0,1,1
51,510476,1,1,0,0,0,2,2,181,0,31,8,2016,4,0,52,0,1,7,1,4,CR-648,,20,37.09686944,-76.865680560000,0,34,0,0,1,1,0,4,2,98,0,98,0,0000000,99,99,99,99,99,99,0,0,0,1,1
51,510477,1,1,0,0,0,3,3,131,0,31,8,2016,4,23,27,0,1,5,1,3,SR-183,,49,37.53688056,-75.859569440000,0,34,0,0,1,1,0,4,2,98,0,98,0,0000000,23,31,23,42,0,21,0,0,0,1,0
51,510478,1,1,0,0,0,1,1,740,1970,6,9,2016,3,1,30,1,2,1,1,1,I-264,,0,36.80038056,-76.375650000000,0,59,0,0,1,1,0,4,3,98,0,98,0,0000000,99,99,99,99,99,99,20,0,0,1,1
51,510479,2,2,0,0,0,2,2,167,0,1,9,2016,5,20,15,0,1,7,1,4,CR-745,,11,36.97220000,-82.161430560000,0,12,2,0,1,1,0,1,2,98,0,98,0,0000000,20,19,20,31,21,14,0,0,0,1,0
51,510480,1,1,0,0,0,2,2,195,0,9,9,2016,6,12,20,0,1,7,1,4,CR-658,,51,36.92178889,-82.422138890000,0,24,0,0,1,1,0,4,1,98,0,98,0,0000000,99,99,99,99,99,99,0,0,0,1,0
51,510481,1,1,0,0,0,3,3,87,0,12,9,2016,2,17,15,0,1,4,1,3,SR-156,,331,37.41271111,-77.248861110000,0,42,0,0,1,1,0,4,1,98,0,98,0,0000000,99,99,99,99,99,99,0,0,0,2,1
51,510482,2,2,0,0,0,2,2,127,0,13,9,2016,3,13,30,0,1,5,1,3,SR-249,N COURTHOUSE RD,103,37.52361111,-77.008680560000,0,12,6,0,2,2,0,1,1,98,0,98,0,0000000,99,99,99,99,99,99,0,0,0,1,0
51,510483,2,2,0,0,0,2,2,700,1720,28,8,2016,1,4,36,0,2,3,4,3,SR-143,,160,37.08226111,-76.480061110000,0,12,2,0,1,1,0,1,3,98,0,98,0,0000000,99,99,99,99,99,99,0,0,0,1,1
51,510484,2,2,0,0,0,2,2,550,468,15,9,2016,5,20,37,0,1,4,4,3,SR-168,,8,36.58611944,-76.204938890000,0,12,2,0,1,1,0,1,6,98,0,98,0,0000000,20,37,20,54,88,88,0,0,0,1,0
51,510485,1,1,0,1,1,1,1,59,0,30,8,2016,3,6,17,0,2,3,1,2,US-1,,1861,38.73183333,-77.102880560000,0,8,0,0,1,1,0,1,4,98,0,98,0,0000000,6,17,6,22,7,3,0,0,0,1,0
51,510486,1,1,0,0,0,2,2,29,0,17,9,2016,7,2,0,0,1,7,1,4,CR-664,,25,37.63353889,-78.678380560000,0,42,0,0,1,1,0,4,2,98,0,98,0,0000000,99,99,99,99,99,99,0,0,0,1,1
51,510487,1,1,0,1,1,1,1,710,1760,2,9,2016,6,21,0,0,2,98,4,9,GOFF STREET,TIDEWATER DR,99999,36.85835000,-76.272361110000,0,8,0,0,3,2,0,1,2,2,0,2,0,0000000,21,2,21,6,21,19,0,0,0,1,0
51,510488,1,1,0,1,1,2,2,173,0,26,9,2016,2,22,20,0,1,4,1,2,US-11,,424,36.82026944,-81.551769440000,0,8,0,0,1,1,0,1,2,2,0,2,0,0000000,22,18,22,23,99,99,0,0,0,1,0
51,510489,2,2,0,0,0,2,2,3,0,28,9,2016,4,3,30,1,1,1,1,1,I-64,,1282,38.00695556,-78.366208330000,0,12,1,0,1,1,0,1,2,2,0,2,0,0000000,99,99,99,99,88,88,0,0,0,1,0
51,510490,2,2,0,0,0,6,6,9,0,25,9,2016,1,14,17,0,1,3,1,2,US-29,PATRICK HENRY HWY,928,37.62061944,-79.014150000000,0,12,6,0,2,2,0,1,1,98,0,98,0,0000000,14,17,14,24,15,4,0,0,0,1,0
51,510491,1,1,0,1,1,1,1,165,0,30,9,2016,6,14,0,0,1,5,1,3,SR-257,,91,38.40888889,-78.987930560000,0,9,0,0,1,1,0,1,1,2,0,2,0,0000000,99,99,99,99,99,99,0,0,0,1,0
51,510492,1,1,0,0,0,1,1,177,0,1,10,2016,7,3,37,0,2,5,1,4,CR-636,,30,38.24863056,-77.459480560000,0,53,0,0,1,1,0,4,2,5,0,5,0,0000000,99,99,99,99,88,88,0,0,0,1,1
51,510493,3,3,0,0,0,3,3,137,0,6,10,2016,5,18,20,0,1,4,1,2,US-33,RT-738,669,38.17086667,-78.278461110000,0,12,1,0,3,2,0,1,1,98,0,98,0,0000000,99,99,99,99,88,88,0,0,0,1,0
51,510494,1,1,0,1,1,1,1,700,1720,19,9,2016,2,21,40,0,2,3,1,2,US-17,,5,37.05495000,-76.463069440000,0,8,0,0,1,1,0,1,3,2,0,2,0,0000000,21,42,21,46,88,88,0,0,0,1,0
51,510495,1,1,0,1,1,1,1,107,0,9,10,2016,1,2,55,0,2,4,1,4,CR-846,EAST BEECH RD,23,39.00388056,-77.400350000000,0,8,0,0,2,2,0,1,2,98,0,98,0,0000000,2,34,3,7,99,99,0,0,0,1,0
51,510496,2,2,0,0,0,2,2,93,0,10,10,2016,2,14,40,0,1,7,1,4,CR-58,JENKINS MILL RD,29,36.71201111,-76.854508330000,0,12,6,0,2,2,0,1,1,98,0,98,0,0000000,99,99,99,99,99,99,0,0,0,1,0
51,510497,1,1,0,0,0,1,1,93,0,9,10,2016,1,22,38,0,1,7,1,4,CR-709,,22,36.97708056,-76.664825000000,0,32,0,0,1,1,0,4,2,98,0,98,0,0000000,99,99,99,99,88,88,0,0,0,1,1
51,510498,1,1,0,0,0,2,2,139,0,31,8,2016,4,20,30,0,1,7,1,4,CR-631,,8,38.60076944,-78.486588890000,0,34,0,0,1,1,0,4,2,98,0,98,0,0000000,99,99,99,99,99,99,0,0,0,1,1
51,510499,2,2,0,0,0,2,2,105,0,5,9,2016,2,17,50,0,1,4,1,2,US-58,OLD RT-58,141,36.77906111,-82.927419440000,0,12,6,0,2,2,0,1,1,98,0,98,0,0000000,17,59,18,5,99,99,0,0,0,1,0
51,510500,2,2,0,0,0,2,2,710,1760,1,9,2016,5,6,11,0,2,3,4,3,SR-166,BALLENTINE BLVD,97,36.86010000,-76.249700000000,0,12,6,0,2,2,0,1,3,98,0,98,0,0000000,6,11,6,17,88,88,0,0,0,1,0
51,510501,2,2,0,0,0,3,3,61,0,11,10,2016,3,14,10,0,2,3,1,2,US-29,RT-693,2110,38.75994444,-77.736711110000,0,12,6,0,2,2,0,1,1,98,0,98,0,0000000,99,99,99,99,99,99,0,0,0,1,0
51,510502,2,2,0,0,0,2,2,57,0,10,10,2016,2,17,40,0,1,5,1,4,CR-659,,29,37.91221944,-76.918311110000,0,12,2,0,1,1,0,1,1,98,0,98,0,0000000,17,43,99,99,88,88,0,0,0,1,0
51,510503,2,2,0,0,0,6,6,9,0,11,10,2016,3,7,20,0,1,4,1,3,SR-151,FLETCHERS LEVEL RD,15,37.64156944,-79.022444440000,0,12,6,0,4,1,0,1,1,98,0,98,0,0000000,7,22,7,45,8,25,0,0,0,1,0
51,510504,2,2,0,0,0,2,2,710,1760,20,9,2016,3,20,5,0,2,4,4,3,SR-247,VIMY RIDGE RD,25,36.87726111,-76.261800000000,0,12,6,0,2,2,0,1,3,2,0,2,0,0000000,20,5,20,9,20,27,0,0,0,1,2
51,510505,1,1,0,0,0,1,1,710,1760,16,9,2016,6,7,37,0,2,98,4,9,MIDDLE AVENUE,LINDENWOOD AVE,99999,36.86826944,-76.273461110000,0,33,0,0,3,2,0,4,1,98,0,98,0,0000000,7,25,7,30,8,5,0,0,0,1,0
51,510506,2,2,0,0,0,2,2,27,0,12,10,2016,4,16,30,0,1,3,1,2,US-460,,82,37.30785556,-82.146480560000,0,12,6,0,8,1,0,1,1,98,0,98,0,0000000,17,6,99,99,18,9,0,0,0,1,0
51,510507,1,1,0,0,0,2,2,169,0,8,10,2016,7,10,0,0,1,5,1,4,CR-600,RT-753,135,36.66965000,-82.783661110000,0,35,0,0,3,3,0,4,1,2,0,2,0,0000000,99,99,99,99,99,99,0,0,0,1,1
51,510508,1,1,0,1,1,1,1,165,0,16,10,2016,1,2,15,1,1,1,1,1,I-81,,2535,38.50136111,-78.792500000000,0,8,0,0,1,1,0,1,2,98,0,98,0,0000000,99,99,99,99,88,88,0,0,0,1,0
51,510510,1,1,0,1,1,2,2,800,2390,24,9,2016,7,0,37,0,2,4,4,2,US-58,,15,36.73093889,-76.606000000000,0,8,0,0,1,1,0,1,2,98,0,98,0,0000000,99,99,99,99,88,88,0,0,0,1,0
51,510511,1,1,0,0,0,1,1,61,0,27,8,2016,7,11,51,0,1,5,1,4,CR-626,,72,38.95638611,-77.745127780000,0,5,0,0,1,1,0,4,1,98,0,98,0,0000000,11,51,12,6,14,28,0,0,0,1,0
51,510512,2,2,0,0,0,2,2,61,0,6,9,2016,3,14,2,0,1,5,1,4,CR-643,,48,38.65164722,-77.736219440000,0,12,2,0,1,1,0,1,1,98,0,98,0,0000000,14,2,14,14,14,52,0,0,0,1,1
51,510513,1,1,0,0,0,1,1,105,0,17,10,2016,2,19,0,0,1,7,1,4,CR-628,,3,36.80006944,-83.053000000000,0,35,0,0,1,1,0,4,5,98,0,98,0,0000000,99,99,99,99,88,88,0,0,0,1,1
51,510514,2,2,0,0,0,2,2,185,0,17,10,2016,2,17,20,0,1,3,1,2,US-460,,655,37.11213056,-81.613669440000,0,12,1,0,7,1,0,1,1,98,0,98,0,0000000,99,99,99,99,99,99,0,0,0,1,0
51,510515,2,2,0,0,0,2,2,153,0,5,10,2016,4,7,7,0,2,5,1,4,CR-1566,BETHLEMHEM RD,41,38.77138889,-77.535097220000,0,12,6,0,2,2,0,1,4,98,0,98,0,0000000,7,22,7,42,8,16,0,0,0,1,0
51,510516,1,1,0,0,0,1,1,550,468,6,10,2016,5,6,0,1,2,1,1,1,I-64,,2999,36.77904167,-76.388091670000,0,42,0,0,1,1,0,4,4,98,0,98,0,0000000,99,99,99,99,99,99,0,0,0,1,0
51,510517,1,1,0,0,0,1,1,77,0,25,10,2016,3,21,40,0,1,7,1,4,CR-698,,11,36.60975000,-81.096261110000,0,32,0,0,1,1,0,4,2,98,0,98,0,0000000,99,99,99,99,88,88,0,0,0,1,1
51,510518,1,1,0,0,0,1,1,69,0,21,10,2016,6,5,30,1,1,3,1,2,US-50,,105,39.20625556,-78.261091670000,0,35,0,0,1,1,0,4,2,98,0,98,0,0000000,99,99,99,99,99,99,0,0,0,1,0
51,510519,1,1,0,0,0,1,1,740,1970,5,5,2016,5,3,42,0,2,5,4,6,RIVERSHORE DR,MERRIFIELDS BLVD,25,36.87947500,-76.382111110000,0,30,0,0,3,3,0,4,3,98,0,98,0,0000000,99,99,99,99,88,88,0,0,0,1,0
51,510520,2,2,0,0,0,6,6,15,0,16,10,2016,1,13,30,0,2,4,1,2,US-11,RT-262,2360,38.12340000,-79.065380560000,0,12,6,0,2,2,0,1,1,98,0,98,0,0000000,99,99,99,99,99,99,0,0,0,1,0
51,510521,2,2,0,0,0,2,2,117,0,16,9,2016,6,21,44,1,1,1,1,1,I-85,,121,36.70805000,-78.116019440000,0,12,1,0,1,1,0,1,2,98,0,98,0,0000000,99,99,99,99,99,99,0,0,0,1,1
51,510522,3,3,0,0,0,3,3,67,0,26,10,2016,4,6,30,0,1,3,1,2,US-220,,438,37.06111111,-79.884619440000,0,12,2,0,1,1,0,1,1,98,0,98,0,0000000,99,99,99,99,99,99,0,0,0,1,0